"Qty";"Value";"Device";"Package";"Parts";"Description";"CENTROID_NOT_SPECIFIED";"CONN_GENDER";"CONN_ORIENTATION";"CONTACT_MATERIAL";"DATASHEET";"DESCRIPTION";"DEVICE_CLASS_L1";"DEVICE_CLASS_L2";"DEVICE_CLASS_L3";"DIGIKEY_DESCRIPTION";"DIGIKEY_PART_NUMBER";"HEIGHT";"LEAD_FREE";"LIB_STATUS";"MF";"MFG_PACKAGE_IDENT";"MFG_PACKAGE_IDENT_DATE";"MFG_PACKAGE_IDENT_REV";"MFN";"MFR";"MOUSER_DESCRIPTION";"MOUSER_PART_NUMBER";"MPN";"OUR-STOCK";"PACKAGE";"PART_VALUE";"POPULARITY";"PREFIX";"PRICE-1";"ROHS";"SUPPLIER-1";"TEMPERATURE_RANGE_HIGH";"TEMPERATURE_RANGE_LOW";"VERIFICATION_VERSION";
"6";"10R 1%";"R_0603";"EIA0603";"R15, R16, R17, R18, R19, R20";"";"";"";"";"";"";"";"";"";"";"";"";"";"";"";"";"";"";"";"Open Source 0603";"";"";"";"";"";"";"";"";"";"";"";"";"";"";"";
"2";"726386-2TE_726386-2";"726386-2TE_726386-2";"TE_726386-2";"X1, X2";"Terminals, Faston, GDS-Flachstecker 6.3x0.8mm, TE";"No";"Male";"Straight";"Tin";"http://www.te.com/commerce/DocumentDelivery/DDEController?Action=showdoc&DocId=Customer+Drawing%7F726386%7FG%7Fpdf%7FEnglish%7FENG_CD_726386_G.pdf%7F726386-2";"";"Connectors";"Terminal Blocks | Terminals";"unset";"CONN QC TAB 0.250 SOLDER";"A114371-ND";"10mm";"yes";"";"TE";"726386-2";"0";"0";"";"";"Terminals GDS-FLACHSTECK 6.3";"571-726386-2";"726386-2";"";"PTH_TERMINAL_8MM0_0MM8";"";"";"J";"";"yes";"";"+110°C";"-30°C";"0.0.0.1";
"4";"MOUNT-PAD-ROUND3.0";"MOUNT-PAD-ROUND3.0";"3,0-PAD";"H1, H2, H3, H4";"MOUNTING PAD, round";"";"";"";"";"";"";"";"";"";"";"";"";"";"";"";"";"";"";"";"";"";"";"";"";"";"";"17";"";"";"";"";"";"";"";
"6";"R_1206";"R_1206";"R1206";"R9, R10, R11, R12, R13, R14";"";"";"";"";"";"";"";"";"";"";"";"";"";"";"Verified";"";"";"";"";"R_Open_1206";"";"";"";"";"";"";"";"";"";"";"";"";"";"";"";
"8";"R_2512";"R_2512";"EIA2512";"R1, R2, R3, R4, R5, R6, R7, R8";"";"";"";"";"";"";"";"";"";"";"";"";"";"";"";"";"";"";"";"";"";"";"";"";"";"";"";"";"";"";"";"";"";"";"";
