"Qty";"Value";"Device";"Package";"Parts";"Description";"CENTROID_NOT_SPECIFIED";"CONN_GENDER";"CONN_ORIENTATION";"CONTACT_MATERIAL";"DATASHEET";"DESCRIPTION";"DEVICE_CLASS_L1";"DEVICE_CLASS_L2";"DEVICE_CLASS_L3";"DIGIKEY_DESCRIPTION";"DIGIKEY_PART_NUMBER";"HEIGHT";"LEAD_FREE";"LIB_STATUS";"MF";"MFG_PACKAGE_IDENT";"MFG_PACKAGE_IDENT_DATE";"MFG_PACKAGE_IDENT_REV";"MFN";"MFR";"MOUSER_DESCRIPTION";"MOUSER_PART_NUMBER";"MPN";"OUR_STOCK";"PACKAGE";"PART_VALUE";"POPULARITY";"PREFIX";"PRICE-1";"ROHS";"SUPPLIER-1";"TEMPERATURE_RANGE_HIGH";"TEMPERATURE_RANGE_LOW";"VERIFICATION_VERSION";
"2";"0603ESDA-24NSMD";"0603ESDA-24NSMD";"EIA0603";"V1, V3";"";"";"";"";"";"";"aristor 0603 SMD Bidirectional 50V 24V";"";"";"";"";"";"";"";"";"";"";"";"";"0603ESDA-24N";"Bourns";"";"";"";"";"";"";"";"";"";"";"LCSC";"";"";"";
"2";"1K 1%";"R_0603";"EIA0603";"R2, R4";"";"";"";"";"";"";"";"";"";"";"";"";"";"";"";"";"";"";"";"Open Source 0603";"";"";"";"";"";"";"";"";"";"";"";"";"";"";"";
"2";"2304-6111-TP";"2304-6111-TP";"X04_100MIL";"X3, X6";"";"";"";"";"";"";"4 Pin THT Connector 100 mil pitch";"";"";"";"";"";"";"";"";"";"";"";"";"2304-6111-TP";"3M";"";"";"";"";"";"X04 Connector 100mil";"";"";"";"";"";"";"";"";
"2";"470R 1%";"R_1206EIA1206";"EIA1206";"R1, R3";"";"";"";"";"";"";"";"";"";"";"";"";"";"";"";"";"";"";"";"Open Source R1206";"";"";"";"";"";"";"";"";"";"";"";"";"";"";"";
"4";"726386-2TE_726386-2";"726386-2TE_726386-2";"TE_726386-2";"X1, X2, X4, X5";"Terminals, Faston, GDS-Flachstecker 6.3x0.8mm, TE";"No";"Male";"Straight";"Tin";"http://www.te.com/commerce/DocumentDelivery/DDEController?Action=showdoc&DocId=Customer+Drawing%7F726386%7FG%7Fpdf%7FEnglish%7FENG_CD_726386_G.pdf%7F726386-2";"";"Connectors";"Terminal Blocks | Terminals";"unset";"CONN QC TAB 0.250 SOLDER";"A114371-ND";"10mm";"yes";"";"TE";"726386-2";"0";"0";"";"";"Terminals GDS-FLACHSTECK 6.3";"571-726386-2";"726386-2";"";"PTH_TERMINAL_8MM0_0MM8";"";"";"J";"";"yes";"";"+110°C";"-30°C";"0.0.0.1";
"2";"B72205S0271K101B72205S2131K101";"B72205S0271K101B72205S2131K101";"EPCOS_B72205S0271K101_0";"V2, V4";"VARISTOR 205V 800A DISC 5MM";"";"";"";"";"";"";"";"";"";"";"";"";"";"Verified";"";"";"";"";"B72205S0271K1011";"EPCOS";"";"";"";"10";"";"430V, 400A";"";"";"0.31";"";"Digikey";"";"";"";
"2";"FEP30DP-E3/45TO-247AD";"FEP30DP-E3/45TO-247AD";"TO-247AD";"D1, D2";"";"";"";"";"";"";"Dual Diode, Fast Recovery, 15A,600V, Common Cathode, TO-247AD";"";"";"";"";"";"";"";"";"";"";"";"";"FEP30JP-E3/45";"";"";"";"";"";"";"Diode 2x15A";"";"";"";"";"";"";"";"";
"4";"MOUNT-PAD-ROUND3.0";"MOUNT-PAD-ROUND3.0";"3,0-PAD";"H1, H2, H3, H4";"MOUNTING PAD, round";"";"";"";"";"";"";"";"";"";"";"";"";"";"";"";"";"";"";"";"";"";"";"";"";"";"";"17";"";"";"";"";"";"";"";
"2";"SIHG039N60EF2";"SIHG039N60EF2";"TO-247AC";"T1, T2";"N-Channel, 600V, 61A, TO247AC";"";"";"";"";"";"";"";"";"";"";"";"";"";"";"";"";"";"";"";"";"";"";"";"";"";"";"";"";"";"";"";"";"";"";
