"Qty";"Value";"Device";"Package";"Parts";"Description";"COMMENT";"DESCRIPTION";"MFN";"MFR";"NUMBER_OF_POSITIONS";"PACKAGE";"PART_VALUE";"PRODUCT_TYPE";
"1";"";"C_0603EIA0603";"EIA0603";"C1";"";"";"";"";"";"";"";"";"";
"2";"0R  1%";"R_0603";"EIA0603";"R4, R6";"";"";"";"Open Source 0603";"";"";"";"";"";
"2";"100R 1%";"R_0603";"EIA0603";"R1, R2";"";"";"";"Open Source 0603";"";"";"";"";"";
"5";"10k 1%";"R_0603";"EIA0603";"R3, R5, R7, R8, R9";"";"";"";"Open Source 0603";"";"";"";"";"";
"1";"5-102203-3";"5-102203-3";"TE_5-102203-3";"X1";"06 MODII HDR SRRA SHRD LF Check availability";"5-102203-3";" PCB Header, Right Angle, Shrouded, 06 HDR SRRA SHRD LF, AMPMODU Mod II Series | TE Connectivity 5-102203-3 ";"5-102203-3";"TE Connectivity";"6";"None";"";"Connector";
"1";"HDC3021-Q1";"HDC3021-Q1";"WSON8";"IC1";"";"";"Humidity sensor I2C";"";"Texas Instruments";"";"";"";"";
